timestamp,engine,reason,count
2026-10-04T02:15:26.664656,gemini,liquidity filter,119
2026-10-04T02:15:26.664665,gemini,market data unavailable for CCL (bid/ask spread missing),1
2026-10-04T02:15:26.664669,gemini,market data unavailable for META (bid/ask spread missing),1
2026-10-04T02:15:26.664672,gemini,market data unavailable for NVDA (bid/ask spread missing),1
2026-10-04T02:15:26.664674,gemini,stale quote for AAPL (12072.281488s old; limit 180s),1
2026-10-04T02:15:26.664676,gemini,stale quote for ABBV (220095.682262s old; limit 180s),1
2026-10-04T02:15:26.664679,gemini,stale quote for AES (566.709374s old; limit 180s),1
2026-10-04T02:15:26.664681,gemini,stale quote for AES (9886.470657s old; limit 180s),1
2026-10-04T02:15:26.664683,gemini,stale quote for ARE (59933.346694s old; limit 180s),1
2026-10-04T02:15:26.664685,gemini,stale quote for ARE (9164.538257s old; limit 180s),1
2026-10-04T02:15:26.664687,gemini,stale quote for CRL (220107.280775s old; limit 180s),1
2026-10-04T02:15:26.664689,gemini,stale quote for CRWD (220095.972415s old; limit 180s),1
2026-10-04T02:15:26.664691,gemini,stale quote for DE (47897.171503s old; limit 180s),1
2026-10-04T02:15:26.664693,gemini,stale quote for DHR (219.544134s old; limit 180s),1
2026-10-04T02:15:26.664695,gemini,stale quote for DHR (9167.32626s old; limit 180s),1
2026-10-04T02:15:26.664697,gemini,stale quote for FTNT (206.747428s old; limit 180s),1
2026-10-04T02:15:26.664699,gemini,stale quote for HAS (62550.019934s old; limit 180s),1
2026-10-04T02:15:26.664701,gemini,stale quote for HCA (59935.872048s old; limit 180s),1
2026-10-04T02:15:26.664703,gemini,stale quote for HUBB (9993.921951s old; limit 180s),1
2026-10-04T02:15:26.664705,gemini,stale quote for IDXX (9977.218993s old; limit 180s),1
2026-10-04T02:15:26.664707,gemini,stale quote for MRK (53451.472256s old; limit 180s),1
2026-10-04T02:15:26.664709,gemini,stale quote for MSFT (1036.854689s old; limit 180s),1
2026-10-04T02:15:26.664711,gemini,stale quote for NDSN (47896.859192s old; limit 180s),1
2026-10-04T02:15:26.664713,gemini,stale quote for NDSN (9979.267568s old; limit 180s),1
2026-10-04T02:15:26.664715,gemini,stale quote for NTAP (586.772946s old; limit 180s),1
2026-10-04T02:15:26.664717,gemini,stale quote for NVDA (12069.347965s old; limit 180s),1
2026-10-04T02:15:26.664719,gemini,stale quote for ON (12071.460206s old; limit 180s),1
2026-10-04T02:15:26.664721,gemini,stale quote for ON (1595.343473s old; limit 180s),1
2026-10-04T02:15:26.664723,gemini,stale quote for ON (53447.532068s old; limit 180s),1
2026-10-04T02:15:26.664725,gemini,stale quote for ON (61916.629516s old; limit 180s),1
2026-10-04T02:15:26.664727,gemini,stale quote for ON (6874.247199s old; limit 180s),1
2026-10-04T02:15:26.664729,gemini,stale quote for QCOM (59930.36976s old; limit 180s),1
2026-10-04T02:15:26.664731,gemini,stale quote for QCOM (9161.114196s old; limit 180s),1
2026-10-04T02:15:26.664733,gemini,stale quote for TECH (59934.957986s old; limit 180s),1
2026-10-04T02:15:26.664735,gemini,stale quote for VEEV (705.869699s old; limit 180s),1
2026-10-04T02:15:26.664737,gemini,stale quote for VEEV (9892.75663s old; limit 180s),1
2026-10-04T02:15:26.664739,gemini,stale quote for VLTO (61921.1821s old; limit 180s),1
2026-10-04T02:15:26.664741,technical_fallback,liquidity filter,284
2026-10-04T02:15:26.664743,technical_fallback,market data unavailable for AAPL (bid/ask spread missing),1
2026-10-04T02:15:26.664745,technical_fallback,market data unavailable for AMD (bid/ask spread missing),1
2026-10-04T02:15:26.664748,technical_fallback,market data unavailable for FCX (bid/ask spread missing),14
2026-10-04T02:15:26.664750,technical_fallback,market data unavailable for HOOD (bid/ask spread missing),1
2026-10-04T02:15:26.664752,technical_fallback,market data unavailable for HPE (bid/ask spread missing),1
2026-10-04T02:15:26.664755,technical_fallback,market data unavailable for INTC (bid/ask spread missing),2
2026-10-04T02:15:26.664757,technical_fallback,market data unavailable for KR (bid/ask spread missing),1
2026-10-04T02:15:26.664759,technical_fallback,market data unavailable for MSFT (bid/ask spread missing),3
2026-10-04T02:15:26.664761,technical_fallback,market data unavailable for MU (bid/ask spread missing),1
2026-10-04T02:15:26.664764,technical_fallback,market data unavailable for NVDA (bid/ask spread missing),1
2026-10-04T02:15:26.664766,technical_fallback,market data unavailable for WBD (bid/ask spread missing),1
2026-10-04T02:15:26.664768,technical_fallback,stale quote for A (43368.770732s old; limit 180s),1
2026-10-04T02:15:26.664770,technical_fallback,stale quote for AAPL (42555.618802s old; limit 180s),1
2026-10-04T02:15:26.664772,technical_fallback,stale quote for AAPL (62065.823825s old; limit 180s),1
2026-10-04T02:15:26.664775,technical_fallback,stale quote for ABBV (43362.737891s old; limit 180s),1
2026-10-04T02:15:26.664777,technical_fallback,stale quote for CRL (244.609629s old; limit 180s),1
2026-10-04T02:15:26.664779,technical_fallback,stale quote for DHR (185.916956s old; limit 180s),1
2026-10-04T02:15:26.664781,technical_fallback,stale quote for DHR (231.631274s old; limit 180s),1
2026-10-04T02:15:26.664783,technical_fallback,stale quote for FFIV (186.335413s old; limit 180s),1
2026-10-04T02:15:26.664786,technical_fallback,stale quote for FFIV (194.764201s old; limit 180s),1
2026-10-04T02:15:26.664788,technical_fallback,stale quote for FFIV (204.015284s old; limit 180s),1
2026-10-04T02:15:26.664790,technical_fallback,stale quote for FFIV (220.456118s old; limit 180s),1
2026-10-04T02:15:26.664792,technical_fallback,stale quote for FFIV (239.176307s old; limit 180s),1
2026-10-04T02:15:26.664794,technical_fallback,stale quote for FFIV (253.31489s old; limit 180s),1
2026-10-04T02:15:26.664796,technical_fallback,stale quote for FFIV (258.171339s old; limit 180s),1
2026-10-04T02:15:26.664799,technical_fallback,stale quote for FFIV (287.130951s old; limit 180s),1
2026-10-04T02:15:26.664801,technical_fallback,stale quote for FFIV (297.149541s old; limit 180s),1
2026-10-04T02:15:26.664803,technical_fallback,stale quote for FFIV (320.537033s old; limit 180s),1
2026-10-04T02:15:26.664805,technical_fallback,stale quote for FFIV (362.514337s old; limit 180s),1
2026-10-04T02:15:26.664808,technical_fallback,stale quote for FFIV (418.01068s old; limit 180s),1
2026-10-04T02:15:26.664810,technical_fallback,stale quote for FFIV (453.245377s old; limit 180s),1
2026-10-04T02:15:26.664812,technical_fallback,stale quote for FFIV (460.568832s old; limit 180s),1
2026-10-04T02:15:26.664814,technical_fallback,stale quote for FFIV (467.11733s old; limit 180s),1
2026-10-04T02:15:26.664816,technical_fallback,stale quote for FFIV (505.266522s old; limit 180s),1
2026-10-04T02:15:26.664818,technical_fallback,stale quote for FFIV (523.46106s old; limit 180s),1
2026-10-04T02:15:26.664821,technical_fallback,stale quote for FFIV (627.55817s old; limit 180s),1
2026-10-04T02:15:26.664823,technical_fallback,stale quote for FFIV (699.744302s old; limit 180s),1
2026-10-04T02:15:26.664825,technical_fallback,stale quote for FFIV (817.810941s old; limit 180s),1
2026-10-04T02:15:26.664827,technical_fallback,stale quote for HUM (769.828205s old; limit 180s),1
2026-10-04T02:15:26.664830,technical_fallback,stale quote for IT (229.965829s old; limit 180s),1
2026-10-04T02:15:26.664832,technical_fallback,stale quote for MU (39791.634048s old; limit 180s),1
2026-10-04T02:15:26.664834,technical_fallback,stale quote for NDAQ (62067.892874s old; limit 180s),1
2026-10-04T02:15:26.664836,technical_fallback,stale quote for NVDA (62063.367057s old; limit 180s),1
2026-10-04T02:15:26.664838,technical_fallback,stale quote for XOM (43361.631485s old; limit 180s),1
2026-10-04T02:15:26.664840,technical_fallback,stale quote for ZBRA (43457.465071s old; limit 180s),1
